{"cameraMode":{"drawMode":0,"name":"Shaded","section":"Shading Mode"},"sceneLighting":true,"audioPlay":false,"sceneViewState":{"showFog":true,"showMaterialUpdate":false,"showSkybox":true,"showFlares":true,"showImageEffects":true,"showParticleSystems":true},"in2DMode":false,"pivot":{"x":54.87177658081055,"y":-8.003634452819825,"z":13.164607048034668},"rotation":{"x":0.10644394904375076,"y":0.6086834669113159,"z":-0.08286699652671814,"w":0.7818621397018433},"size":32.35768508911133,"orthographic":false}